{
    "hue": {
        "phenols": -0.0029882891971502222, 
        "alcohol": -0.005930964221429254, 
        "color_intensity": 0.00044572931730851677, 
        "nonflavanoid_phenols": -0.0012162923291121302, 
        "malic_acid": -0.004997038606176024, 
        "proline": -0.007447787811286455, 
        "type_of_wine": -0.006724706515647691, 
        "alcalinity_of_ash": -0.003414298937635961, 
        "magnesium": -0.0038793297856528092, 
        "dilution": 0.0012682158044988597, 
        "ash": -0.004077919533334669, 
        "proanthocyanins": -0.00035546819150003713, 
        "flavanoids": -0.0021069813183470796
    }, 
    "phenols": {
        "hue": 0.007881517129338864, 
        "proline": -0.00955365338478948, 
        "alcohol": -0.0059861015392043415, 
        "color_intensity": 0.006085838026077722, 
        "nonflavanoid_phenols": 0.0024915736153000878, 
        "malic_acid": -0.0038431836927710233, 
        "type_of_wine": -0.007826913441447824, 
        "alcalinity_of_ash": -0.00030190980107600696, 
        "magnesium": -0.0014450022699321232, 
        "dilution": 0.009581741251545895, 
        "ash": -0.0017638888289208063, 
        "proanthocyanins": 0.0043666391681841405, 
        "flavanoids": 0.0005252468355067427
    }, 
    "alcohol": {
        "hue": -0.1788205790994361, 
        "phenols": -0.1298761582271893, 
        "color_intensity": -0.17134148542516625, 
        "nonflavanoid_phenols": -0.15459803666751903, 
        "malic_acid": -0.12372818715568766, 
        "proline": -0.0015861874388828382, 
        "type_of_wine": -0.09813623773984634, 
        "alcalinity_of_ash": -0.1476228593540404, 
        "magnesium": -0.11400268394586494, 
        "dilution": -0.1850244418450167, 
        "ash": -0.14231539785948058, 
        "proanthocyanins": -0.164120258699798, 
        "flavanoids": -0.14300140812388049
    }, 
    "color_intensity": {
        "hue": -0.0018900160297000165, 
        "phenols": -0.004608841061617495, 
        "alcohol": -0.006915041066301622, 
        "proline": -0.007693304039585972, 
        "nonflavanoid_phenols": -0.0032271467870819285, 
        "malic_acid": -0.0061830302869565115, 
        "type_of_wine": -0.007537716672597424, 
        "alcalinity_of_ash": -0.004945754114713587, 
        "magnesium": -0.005304502712695352, 
        "dilution": -0.001251527371451779, 
        "ash": -0.005463919845187956, 
        "proanthocyanins": -0.0025565560078875003, 
        "flavanoids": -0.003921750910205103
    }, 
    "nonflavanoid_phenols": {
        "hue": 0.004135479848080933, 
        "phenols": -0.0012964564092291782, 
        "alcohol": -0.006042027129379128, 
        "color_intensity": 0.0027877763684397597, 
        "proline": -0.008681217712056896, 
        "malic_acid": -0.004509262593475776, 
        "type_of_wine": -0.007350991630546773, 
        "alcalinity_of_ash": -0.001941234536960023, 
        "magnesium": -0.002730154131300494, 
        "dilution": 0.005420400728586705, 
        "ash": -0.003010970544363624, 
        "proanthocyanins": 0.001502607836704689, 
        "flavanoids": 0.0001129085073681931
    }, 
    "malic_acid": {
        "hue": 0.05981451372997853, 
        "phenols": 0.03196743342655198, 
        "alcohol": 0.01648059993527188, 
        "color_intensity": 0.054948969111619964, 
        "nonflavanoid_phenols": 0.04457763389702128, 
        "proline": -0.0030668531316024885, 
        "type_of_wine": 0.008791198899720751, 
        "alcalinity_of_ash": 0.030317452044869242, 
        "magnesium": 0.024963515590199287, 
        "dilution": 0.06418970553283905, 
        "ash": 0.024904756522852876, 
        "proanthocyanins": 0.05013081900485528, 
        "flavanoids": 0.03842573633697937
    }, 
    "proline": {
        "hue": -0.060863015198903234, 
        "phenols": -0.041155469236631465, 
        "alcohol": -0.028886079151648987, 
        "color_intensity": -0.0573947412207251, 
        "nonflavanoid_phenols": -0.05019552156423369, 
        "malic_acid": -0.03585577163922329, 
        "type_of_wine": -0.02281554378010618, 
        "alcalinity_of_ash": -0.04423884259395987, 
        "magnesium": -0.03600836051984548, 
        "dilution": -0.0639690854464175, 
        "ash": -0.04158896100204515, 
        "proanthocyanins": -0.054111937506396555, 
        "flavanoids": -0.045786649322738356
    }, 
    "type_of_wine": {
        "hue": -0.0067382516692945545, 
        "phenols": -0.007048287485059746, 
        "alcohol": -0.3282219408899839, 
        "color_intensity": -0.006658239283130769, 
        "nonflavanoid_phenols": -0.008880922352499777, 
        "malic_acid": 0.020476155311203937, 
        "proline": -0.0718967301155175, 
        "alcalinity_of_ash": 0.06411080599067588, 
        "magnesium": -0.005602869255524737, 
        "dilution": -0.008122881755889124, 
        "ash": 0.013660369158465687, 
        "proanthocyanins": -0.009290314790889678, 
        "flavanoids": -0.009957213176878657
    }, 
    "alcalinity_of_ash": {
        "hue": -0.08608766206540343, 
        "phenols": -0.05166794954500108, 
        "alcohol": -0.029616222452361025, 
        "color_intensity": -0.08016499068366223, 
        "nonflavanoid_phenols": -0.06752015481770511, 
        "malic_acid": -0.041221096869265166, 
        "proline": -0.007331122538472076, 
        "type_of_wine": -0.018582995605762494, 
        "magnesium": -0.042636801010244446, 
        "dilution": -0.0913809621998929, 
        "ash": -0.051323379796797707, 
        "proanthocyanins": -0.07436021561419294, 
        "flavanoids": -0.0598501253486492
    }, 
    "magnesium": {
        "hue": -0.10969325940767094, 
        "phenols": -0.08088249571230792, 
        "alcohol": -0.046991289420252144, 
        "proline": -0.010112544667653605, 
        "nonflavanoid_phenols": -0.09427800313929806, 
        "malic_acid": -0.059058822126884986, 
        "type_of_wine": -0.03557711819493643, 
        "alcalinity_of_ash": -0.07320333039980217, 
        "proanthocyanins": -0.09999706800221321, 
        "dilution": -0.1141063594317739, 
        "ash": -0.06883648932570754, 
        "color_intensity": -0.10469249600209664, 
        "flavanoids": -0.0877617278579076
    }, 
    "dilution": {
        "hue": -0.0006707713962207151, 
        "phenols": -0.003912149150753199, 
        "alcohol": -0.006129279160661046, 
        "color_intensity": -0.0013124752151643419, 
        "nonflavanoid_phenols": -0.0025724227470724486, 
        "malic_acid": -0.00542883550864374, 
        "proline": -0.007142540395304526, 
        "type_of_wine": -0.0067239238969054845, 
        "alcalinity_of_ash": -0.004238622585183061, 
        "magnesium": -0.004584316843572104, 
        "ash": -0.004738131039571898, 
        "proanthocyanins": -0.0019200698024385418, 
        "flavanoids": -0.00324605320151896
    }, 
    "ash": {
        "hue": 0.031931215902697825, 
        "phenols": 0.014877513956714168, 
        "alcohol": 0.005901278238533853, 
        "color_intensity": 0.02879468916721253, 
        "nonflavanoid_phenols": 0.02232196169821708, 
        "malic_acid": 0.010352683224663657, 
        "proline": -0.0022912214521313193, 
        "type_of_wine": 0.0019708064230978053, 
        "alcalinity_of_ash": 0.013387026453767614, 
        "magnesium": 0.010916690220240353, 
        "dilution": 0.03483082141309544, 
        "proanthocyanins": 0.025740262359739727, 
        "flavanoids": 0.01864613642993107
    }, 
    "proanthocyanins": {
        "hue": 0.001462619169997153, 
        "phenols": -0.0027869775850733873, 
        "alcohol": -0.006454480332882475, 
        "proline": -0.008297898385975395, 
        "nonflavanoid_phenols": -0.0005924348175353184, 
        "malic_acid": -0.005280263930199937, 
        "type_of_wine": -0.007455103262426908, 
        "alcalinity_of_ash": -0.003302851726043677, 
        "magnesium": -0.003895772619009914, 
        "dilution": 0.002469732607795446, 
        "ash": -0.004128738439797028,